{
 "lhs":[
  "{2582688,2771168}",
  "{1879103}",
  "{1889210}",
  "{2582621,2771168}",
  "{2582673}",
  "{2582673,2582700}",
  "{2582621,2582688}",
  "{2582673}",
  "{2582666,2582673}",
  "{1888916}",
  "{1888411}",
  "{1888754}",
  "{2582621}",
  "{2582621}",
  "{2582666,2582700}",
  "{1889273}",
  "{4034043}",
  "{1889085}",
  "{1884711}",
  "{1879046}",
  "{1878457}",
  "{1884684}",
  "{1879302}"
 ],
 "":[
  "=>",
  "=>",
  "=>",
  "=>",
  "=>",
  "=>",
  "=>",
  "=>",
  "=>",
  "=>",
  "=>",
  "=>",
  "=>",
  "=>",
  "=>",
  "=>",
  "=>",
  "=>",
  "=>",
  "=>",
  "=>",
  "=>",
  "=>"
 ],
 "rhs":[
  "{2582621}",
  "{1879046}",
  "{1889085}",
  "{2582688}",
  "{2582666}",
  "{2582666}",
  "{2771168}",
  "{2582700}",
  "{2582700}",
  "{1889029}",
  "{1888549}",
  "{1888779}",
  "{2582688}",
  "{2771168}",
  "{2582673}",
  "{1889431}",
  "{1889150}",
  "{1889210}",
  "{1884684}",
  "{1879103}",
  "{1878436}",
  "{1884711}",
  "{2766981}"
 ],
 "support":[
  0.0011233660130719,
  0.00122549019607843,
  0.00153186274509804,
  0.0011233660130719,
  0.00102124183006536,
  0.00102124183006536,
  0.0011233660130719,
  0.00102124183006536,
  0.00102124183006536,
  0.00234885620915033,
  0.00102124183006536,
  0.0014297385620915,
  0.0011233660130719,
  0.0011233660130719,
  0.00102124183006536,
  0.00245098039215686,
  0.00102124183006536,
  0.00153186274509804,
  0.00122549019607843,
  0.00122549019607843,
  0.00102124183006536,
  0.00122549019607843,
  0.00173611111111111
 ],
 "confidence":[
  1,
  1,
  1,
  1,
  1,
  1,
  1,
  1,
  1,
  0.958333333333333,
  0.909090909090909,
  0.875,
  0.846153846153846,
  0.846153846153846,
  0.833333333333333,
  0.774193548387097,
  0.769230769230769,
  0.75,
  0.75,
  0.666666666666667,
  0.666666666666667,
  0.631578947368421,
  0.62962962962963
 ],
 "lift":[
  753.230769230769,
  544,
  489.6,
  376.615384615385,
  233.142857142857,
  233.142857142857,
  204,
  78.9677419354839,
  78.9677419354839,
  96.7422680412371,
  167.958833619211,
  33.8656126482213,
  318.674556213018,
  172.615384615385,
  816,
  148.645161290323,
  147.692307692308,
  489.6,
  386.526315789474,
  544,
  186.514285714286,
  386.526315789474,
  50.5355191256831
 ],
 "count":[
  11,
  12,
  15,
  11,
  10,
  10,
  11,
  10,
  10,
  23,
  10,
  14,
  11,
  11,
  10,
  24,
  10,
  15,
  12,
  12,
  10,
  12,
  17
 ]
}
